Technologiereife,Innovation,Nachhaltigkeit,Effizienz,Anwendung / Use Case,Sektor / Industrie,Politik / Regulierung,Kosten
Pilotprojekt,Innovation,Nachhaltigkeit,Effizienz,Anwendung,Industrie,Regulierung,Kosten
Pilotprojekt fortgeschritten,Innovation fortgeschritten,Nachhaltigkeit fortgeschritten,Effizienz fortgeschritten,Anwendung fortgeschritten,Industrie fortgeschritten,Regulierung fortgeschritten,Kosten fortgeschritten
Pilotprojekt industriell,Innovation industriell,Nachhaltigkeit industriell,Effizienz industriell,Anwendung industriell,Industrie industriell,Regulierung industriell,Kosten industriell
Pilotprojekt nachhaltig,Innovation nachhaltig,Nachhaltigkeit nachhaltig,Effizienz nachhaltig,Anwendung nachhaltig,Industrie nachhaltig,Regulierung nachhaltig,Kosten nachhaltig
Lösungen für Pilotprojekt,Lösungen für Innovation,Lösungen für Nachhaltigkeit,Lösungen für Effizienz,Lösungen für Anwendung,Lösungen für Industrie,Lösungen für Regulierung,Lösungen für Kosten
Pilotprojekt Anwendungen,Innovation Anwendungen,Nachhaltigkeit Anwendungen,Effizienz Anwendungen,Anwendung Anwendungen,Industrie Anwendungen,Regulierung Anwendungen,Kosten Anwendungen
Pilotphase,innovative Technologie,nachhaltige Entwicklung,Energieeffizienz,Anwendungsfall,Energiesektor,Gesetzgebung,Investition
Pilotphase fortgeschritten,innovative Technologie fortgeschritten,nachhaltige Entwicklung fortgeschritten,Energieeffizienz fortgeschritten,Anwendungsfall fortgeschritten,Energiesektor fortgeschritten,Gesetzgebung fortgeschritten,Investition fortgeschritten
Pilotphase industriell,innovative Technologie industriell,nachhaltige Entwicklung industriell,Energieeffizienz industriell,Anwendungsfall industriell,Energiesektor industriell,Gesetzgebung industriell,Investition industriell
Pilotphase nachhaltig,innovative Technologie nachhaltig,nachhaltige Entwicklung nachhaltig,Energieeffizienz nachhaltig,Anwendungsfall nachhaltig,Energiesektor nachhaltig,Gesetzgebung nachhaltig,Investition nachhaltig
Lösungen für Pilotphase,Lösungen für innovative Technologie,Lösungen für nachhaltige Entwicklung,Lösungen für Energieeffizienz,Lösungen für Anwendungsfall,Lösungen für Energiesektor,Lösungen für Gesetzgebung,Lösungen für Investition
Pilotphase Anwendungen,innovative Technologie Anwendungen,nachhaltige Entwicklung Anwendungen,Energieeffizienz Anwendungen,Anwendungsfall Anwendungen,Energiesektor Anwendungen,Gesetzgebung Anwendungen,Investition Anwendungen
Pilotanlage,innovative Lösung,nachhaltige Energie,Optimierung,Implementierung,Industriesektor,Energiepolitik,Betriebskosten
Pilotanlage fortgeschritten,innovative Lösung fortgeschritten,nachhaltige Energie fortgeschritten,Optimierung fortgeschritten,Implementierung fortgeschritten,Industriesektor fortgeschritten,Energiepolitik fortgeschritten,Betriebskosten fortgeschritten
Pilotanlage industriell,innovative Lösung industriell,nachhaltige Energie industriell,Optimierung industriell,Implementierung industriell,Industriesektor industriell,Energiepolitik industriell,Betriebskosten industriell
Pilotanlage nachhaltig,innovative Lösung nachhaltig,nachhaltige Energie nachhaltig,Optimierung nachhaltig,Implementierung nachhaltig,Industriesektor nachhaltig,Energiepolitik nachhaltig,Betriebskosten nachhaltig
Lösungen für Pilotanlage,Lösungen für innovative Lösung,Lösungen für nachhaltige Energie,Lösungen für Optimierung,Lösungen für Implementierung,Lösungen für Industriesektor,Lösungen für Energiepolitik,Lösungen für Betriebskosten
Pilotanlage Anwendungen,innovative Lösung Anwendungen,nachhaltige Energie Anwendungen,Optimierung Anwendungen,Implementierung Anwendungen,Industriesektor Anwendungen,Energiepolitik Anwendungen,Betriebskosten Anwendungen
Demonstrationsprojekt,Forschung und Entwicklung,Energiewende,Energieeinsparung,Nutzung,Fertigung,Vorschriften,Kapitalkosten
Demonstrationsprojekt fortgeschritten,Forschung und Entwicklung fortgeschritten,Energiewende fortgeschritten,Energieeinsparung fortgeschritten,Nutzung fortgeschritten,Fertigung fortgeschritten,Vorschriften fortgeschritten,Kapitalkosten fortgeschritten
Demonstrationsprojekt industriell,Forschung und Entwicklung industriell,Energiewende industriell,Energieeinsparung industriell,Nutzung industriell,Fertigung industriell,Vorschriften industriell,Kapitalkosten industriell
Demonstrationsprojekt nachhaltig,Forschung und Entwicklung nachhaltig,Energiewende nachhaltig,Energieeinsparung nachhaltig,Nutzung nachhaltig,Fertigung nachhaltig,Vorschriften nachhaltig,Kapitalkosten nachhaltig
Lösungen für Demonstrationsprojekt,Lösungen für Forschung und Entwicklung,Lösungen für Energiewende,Lösungen für Energieeinsparung,Lösungen für Nutzung,Lösungen für Fertigung,Lösungen für Vorschriften,Lösungen für Kapitalkosten
Demonstrationsprojekt Anwendungen,Forschung und Entwicklung Anwendungen,Energiewende Anwendungen,Energieeinsparung Anwendungen,Nutzung Anwendungen,Fertigung Anwendungen,Vorschriften Anwendungen,Kapitalkosten Anwendungen
Demonstrationsanlage,neue Technologien,Umweltauswirkungen,Leistungsverbesserung,Anwendungsszenario,Bauwesen,Anreize,CapEx
Demonstrationsanlage fortgeschritten,neue Technologien fortgeschritten,Umweltauswirkungen fortgeschritten,Leistungsverbesserung fortgeschritten,Anwendungsszenario fortgeschritten,Bauwesen fortgeschritten,Anreize fortgeschritten,CapEx fortgeschritten
Demonstrationsanlage industriell,neue Technologien industriell,Umweltauswirkungen industriell,Leistungsverbesserung industriell,Anwendungsszenario industriell,Bauwesen industriell,Anreize industriell,CapEx industriell
Demonstrationsanlage nachhaltig,neue Technologien nachhaltig,Umweltauswirkungen nachhaltig,Leistungsverbesserung nachhaltig,Anwendungsszenario nachhaltig,Bauwesen nachhaltig,Anreize nachhaltig,CapEx nachhaltig
Lösungen für Demonstrationsanlage,Lösungen für neue Technologien,Lösungen für Umweltauswirkungen,Lösungen für Leistungsverbesserung,Lösungen für Anwendungsszenario,Lösungen für Bauwesen,Lösungen für Anreize,Lösungen für CapEx
Demonstrationsanlage Anwendungen,neue Technologien Anwendungen,Umweltauswirkungen Anwendungen,Leistungsverbesserung Anwendungen,Anwendungsszenario Anwendungen,Bauwesen Anwendungen,Anreize Anwendungen,CapEx Anwendungen
Feldtest,technologische Entwicklung,Emissionsreduktion,Verbrauchsreduktion,praktische Anwendung,Chemie,Subventionen,OpEx
Feldtest fortgeschritten,technologische Entwicklung fortgeschritten,Emissionsreduktion fortgeschritten,Verbrauchsreduktion fortgeschritten,praktische Anwendung fortgeschritten,Chemie fortgeschritten,Subventionen fortgeschritten,OpEx fortgeschritten
Feldtest industriell,technologische Entwicklung industriell,Emissionsreduktion industriell,Verbrauchsreduktion industriell,praktische Anwendung industriell,Chemie industriell,Subventionen industriell,OpEx industriell
Feldtest nachhaltig,technologische Entwicklung nachhaltig,Emissionsreduktion nachhaltig,Verbrauchsreduktion nachhaltig,praktische Anwendung nachhaltig,Chemie nachhaltig,Subventionen nachhaltig,OpEx nachhaltig
Lösungen für Feldtest,Lösungen für technologische Entwicklung,Lösungen für Emissionsreduktion,Lösungen für Verbrauchsreduktion,Lösungen für praktische Anwendung,Lösungen für Chemie,Lösungen für Subventionen,Lösungen für OpEx
Feldtest Anwendungen,technologische Entwicklung Anwendungen,Emissionsreduktion Anwendungen,Verbrauchsreduktion Anwendungen,praktische Anwendung Anwendungen,Chemie Anwendungen,Subventionen Anwendungen,OpEx Anwendungen
industrieller Maßstab,technologischer Fortschritt,Dekarbonisierung,betriebliche Effizienz,technologische Integration,Petrochemie,regulatorischer Rahmen,Finanzierung
industrieller Maßstab fortgeschritten,technologischer Fortschritt fortgeschritten,Dekarbonisierung fortgeschritten,betriebliche Effizienz fortgeschritten,technologische Integration fortgeschritten,Petrochemie fortgeschritten,regulatorischer Rahmen fortgeschritten,Finanzierung fortgeschritten
industrieller Maßstab industriell,technologischer Fortschritt industriell,Dekarbonisierung industriell,betriebliche Effizienz industriell,technologische Integration industriell,Petrochemie industriell,regulatorischer Rahmen industriell,Finanzierung industriell
industrieller Maßstab nachhaltig,technologischer Fortschritt nachhaltig,Dekarbonisierung nachhaltig,betriebliche Effizienz nachhaltig,technologische Integration nachhaltig,Petrochemie nachhaltig,regulatorischer Rahmen nachhaltig,Finanzierung nachhaltig
Lösungen für industrieller Maßstab,Lösungen für technologischer Fortschritt,Lösungen für Dekarbonisierung,Lösungen für betriebliche Effizienz,Lösungen für technologische Integration,Lösungen für Petrochemie,Lösungen für regulatorischer Rahmen,Lösungen für Finanzierung
industrieller Maßstab Anwendungen,technologischer Fortschritt Anwendungen,Dekarbonisierung Anwendungen,betriebliche Effizienz Anwendungen,technologische Integration Anwendungen,Petrochemie Anwendungen,regulatorischer Rahmen Anwendungen,Finanzierung Anwendungen
Labormaßstab,Innovation im Industriebereich,Kreislaufwirtschaft,effizientes Management,Adoption,Transport,EU-Richtlinien,Kostenanalyse
Labormaßstab fortgeschritten,Innovation im Industriebereich fortgeschritten,Kreislaufwirtschaft fortgeschritten,effizientes Management fortgeschritten,Adoption fortgeschritten,Transport fortgeschritten,EU-Richtlinien fortgeschritten,Kostenanalyse fortgeschritten
Labormaßstab industriell,Innovation im Industriebereich industriell,Kreislaufwirtschaft industriell,effizientes Management industriell,Adoption industriell,Transport industriell,EU-Richtlinien industriell,Kostenanalyse industriell
Labormaßstab nachhaltig,Innovation im Industriebereich nachhaltig,Kreislaufwirtschaft nachhaltig,effizientes Management nachhaltig,Adoption nachhaltig,Transport nachhaltig,EU-Richtlinien nachhaltig,Kostenanalyse nachhaltig
Lösungen für Labormaßstab,Lösungen für Innovation im Industriebereich,Lösungen für Kreislaufwirtschaft,Lösungen für effizientes Management,Lösungen für Adoption,Lösungen für Transport,Lösungen für EU-Richtlinien,Lösungen für Kostenanalyse
Labormaßstab Anwendungen,Innovation im Industriebereich Anwendungen,Kreislaufwirtschaft Anwendungen,effizientes Management Anwendungen,Adoption Anwendungen,Transport Anwendungen,EU-Richtlinien Anwendungen,Kostenanalyse Anwendungen
technische Validierung,technologischer Durchbruch,Klimaneutralität,Prozessoptimierung,industrielle Nutzung,Lebensmittelindustrie,Compliance,Return on Investment
technische Validierung fortgeschritten,technologischer Durchbruch fortgeschritten,Klimaneutralität fortgeschritten,Prozessoptimierung fortgeschritten,industrielle Nutzung fortgeschritten,Lebensmittelindustrie fortgeschritten,Compliance fortgeschritten,Return on Investment fortgeschritten
technische Validierung industriell,technologischer Durchbruch industriell,Klimaneutralität industriell,Prozessoptimierung industriell,industrielle Nutzung industriell,Lebensmittelindustrie industriell,Compliance industriell,Return on Investment industriell
technische Validierung nachhaltig,technologischer Durchbruch nachhaltig,Klimaneutralität nachhaltig,Prozessoptimierung nachhaltig,industrielle Nutzung nachhaltig,Lebensmittelindustrie nachhaltig,Compliance nachhaltig,Return on Investment nachhaltig
Lösungen für technische Validierung,Lösungen für technologischer Durchbruch,Lösungen für Klimaneutralität,Lösungen für Prozessoptimierung,Lösungen für industrielle Nutzung,Lösungen für Lebensmittelindustrie,Lösungen für Compliance,Lösungen für Return on Investment
technische Validierung Anwendungen,technologischer Durchbruch Anwendungen,Klimaneutralität Anwendungen,Prozessoptimierung Anwendungen,industrielle Nutzung Anwendungen,Lebensmittelindustrie Anwendungen,Compliance Anwendungen,Return on Investment Anwendungen
Realversuch,F&E,CO2-Fußabdruck,Energieperformance,kommerzielle Nutzung,Infrastruktur,Genehmigungen,ROI
Realversuch fortgeschritten,F&E fortgeschritten,CO2-Fußabdruck fortgeschritten,Energieperformance fortgeschritten,kommerzielle Nutzung fortgeschritten,Infrastruktur fortgeschritten,Genehmigungen fortgeschritten,ROI fortgeschritten
Realversuch industriell,F&E industriell,CO2-Fußabdruck industriell,Energieperformance industriell,kommerzielle Nutzung industriell,Infrastruktur industriell,Genehmigungen industriell,ROI industriell
Realversuch nachhaltig,F&E nachhaltig,CO2-Fußabdruck nachhaltig,Energieperformance nachhaltig,kommerzielle Nutzung nachhaltig,Infrastruktur nachhaltig,Genehmigungen nachhaltig,ROI nachhaltig
Lösungen für Realversuch,Lösungen für F&E,Lösungen für CO2-Fußabdruck,Lösungen für Energieperformance,Lösungen für kommerzielle Nutzung,Lösungen für Infrastruktur,Lösungen für Genehmigungen,Lösungen für ROI
Realversuch Anwendungen,F&E Anwendungen,CO2-Fußabdruck Anwendungen,Energieperformance Anwendungen,kommerzielle Nutzung Anwendungen,Infrastruktur Anwendungen,Genehmigungen Anwendungen,ROI Anwendungen
