Maturità tecnologica,Innovazione,Sostenibilità,Efficienza,Applicazione / Caso d’uso,Settore / Industria,Politica / Normativa,Costi
progetto pilota,innovazione,sostenibilità,efficienza,applicazione,industria,normativa,costi
progetto pilota avanzato,innovazione avanzato,sostenibilità avanzato,efficienza avanzato,applicazione avanzato,industria avanzato,normativa avanzato,costi avanzato
progetto pilota industriale,innovazione industriale,sostenibilità industriale,efficienza industriale,applicazione industriale,industria industriale,normativa industriale,costi industriale
progetto pilota sostenibile,innovazione sostenibile,sostenibilità sostenibile,efficienza sostenibile,applicazione sostenibile,industria sostenibile,normativa sostenibile,costi sostenibile
soluzioni per progetto pilota,soluzioni per innovazione,soluzioni per sostenibilità,soluzioni per efficienza,soluzioni per applicazione,soluzioni per industria,soluzioni per normativa,soluzioni per costi
progetto pilota applicazioni,innovazione applicazioni,sostenibilità applicazioni,efficienza applicazioni,applicazione applicazioni,industria applicazioni,normativa applicazioni,costi applicazioni
fase pilota,tecnologia innovativa,sviluppo sostenibile,efficienza energetica,caso d’uso,settore energetico,regolamentazione,investimento
fase pilota avanzato,tecnologia innovativa avanzato,sviluppo sostenibile avanzato,efficienza energetica avanzato,caso d’uso avanzato,settore energetico avanzato,regolamentazione avanzato,investimento avanzato
fase pilota industriale,tecnologia innovativa industriale,sviluppo sostenibile industriale,efficienza energetica industriale,caso d’uso industriale,settore energetico industriale,regolamentazione industriale,investimento industriale
fase pilota sostenibile,tecnologia innovativa sostenibile,sviluppo sostenibile sostenibile,efficienza energetica sostenibile,caso d’uso sostenibile,settore energetico sostenibile,regolamentazione sostenibile,investimento sostenibile
soluzioni per fase pilota,soluzioni per tecnologia innovativa,soluzioni per sviluppo sostenibile,soluzioni per efficienza energetica,soluzioni per caso d’uso,soluzioni per settore energetico,soluzioni per regolamentazione,soluzioni per investimento
fase pilota applicazioni,tecnologia innovativa applicazioni,sviluppo sostenibile applicazioni,efficienza energetica applicazioni,caso d’uso applicazioni,settore energetico applicazioni,regolamentazione applicazioni,investimento applicazioni
impianto pilota,soluzione innovativa,energia sostenibile,ottimizzazione,implementazione,settore industriale,politiche energetiche,costi operativi
impianto pilota avanzato,soluzione innovativa avanzato,energia sostenibile avanzato,ottimizzazione avanzato,implementazione avanzato,settore industriale avanzato,politiche energetiche avanzato,costi operativi avanzato
impianto pilota industriale,soluzione innovativa industriale,energia sostenibile industriale,ottimizzazione industriale,implementazione industriale,settore industriale industriale,politiche energetiche industriale,costi operativi industriale
impianto pilota sostenibile,soluzione innovativa sostenibile,energia sostenibile sostenibile,ottimizzazione sostenibile,implementazione sostenibile,settore industriale sostenibile,politiche energetiche sostenibile,costi operativi sostenibile
soluzioni per impianto pilota,soluzioni per soluzione innovativa,soluzioni per energia sostenibile,soluzioni per ottimizzazione,soluzioni per implementazione,soluzioni per settore industriale,soluzioni per politiche energetiche,soluzioni per costi operativi
impianto pilota applicazioni,soluzione innovativa applicazioni,energia sostenibile applicazioni,ottimizzazione applicazioni,implementazione applicazioni,settore industriale applicazioni,politiche energetiche applicazioni,costi operativi applicazioni
progetto dimostrativo,ricerca e sviluppo,transizione energetica,risparmio energetico,utilizzo,manifatturiero,legislazione,costi di capitale
progetto dimostrativo avanzato,ricerca e sviluppo avanzato,transizione energetica avanzato,risparmio energetico avanzato,utilizzo avanzato,manifatturiero avanzato,legislazione avanzato,costi di capitale avanzato
progetto dimostrativo industriale,ricerca e sviluppo industriale,transizione energetica industriale,risparmio energetico industriale,utilizzo industriale,manifatturiero industriale,legislazione industriale,costi di capitale industriale
progetto dimostrativo sostenibile,ricerca e sviluppo sostenibile,transizione energetica sostenibile,risparmio energetico sostenibile,utilizzo sostenibile,manifatturiero sostenibile,legislazione sostenibile,costi di capitale sostenibile
soluzioni per progetto dimostrativo,soluzioni per ricerca e sviluppo,soluzioni per transizione energetica,soluzioni per risparmio energetico,soluzioni per utilizzo,soluzioni per manifatturiero,soluzioni per legislazione,soluzioni per costi di capitale
progetto dimostrativo applicazioni,ricerca e sviluppo applicazioni,transizione energetica applicazioni,risparmio energetico applicazioni,utilizzo applicazioni,manifatturiero applicazioni,legislazione applicazioni,costi di capitale applicazioni
impianto dimostrativo,nuove tecnologie,impatto ambientale,prestazioni energetiche,scenario applicativo,costruzioni,incentivi,capex
impianto dimostrativo avanzato,nuove tecnologie avanzato,impatto ambientale avanzato,prestazioni energetiche avanzato,scenario applicativo avanzato,costruzioni avanzato,incentivi avanzato,capex avanzato
impianto dimostrativo industriale,nuove tecnologie industriale,impatto ambientale industriale,prestazioni energetiche industriale,scenario applicativo industriale,costruzioni industriale,incentivi industriale,capex industriale
impianto dimostrativo sostenibile,nuove tecnologie sostenibile,impatto ambientale sostenibile,prestazioni energetiche sostenibile,scenario applicativo sostenibile,costruzioni sostenibile,incentivi sostenibile,capex sostenibile
soluzioni per impianto dimostrativo,soluzioni per nuove tecnologie,soluzioni per impatto ambientale,soluzioni per prestazioni energetiche,soluzioni per scenario applicativo,soluzioni per costruzioni,soluzioni per incentivi,soluzioni per capex
impianto dimostrativo applicazioni,nuove tecnologie applicazioni,impatto ambientale applicazioni,prestazioni energetiche applicazioni,scenario applicativo applicazioni,costruzioni applicazioni,incentivi applicazioni,capex applicazioni
test sul campo,sviluppo tecnologico,riduzione delle emissioni,riduzione dei consumi,applicazione pratica,chimico,sussidi,opex
test sul campo avanzato,sviluppo tecnologico avanzato,riduzione delle emissioni avanzato,riduzione dei consumi avanzato,applicazione pratica avanzato,chimico avanzato,sussidi avanzato,opex avanzato
test sul campo industriale,sviluppo tecnologico industriale,riduzione delle emissioni industriale,riduzione dei consumi industriale,applicazione pratica industriale,chimico industriale,sussidi industriale,opex industriale
test sul campo sostenibile,sviluppo tecnologico sostenibile,riduzione delle emissioni sostenibile,riduzione dei consumi sostenibile,applicazione pratica sostenibile,chimico sostenibile,sussidi sostenibile,opex sostenibile
soluzioni per test sul campo,soluzioni per sviluppo tecnologico,soluzioni per riduzione delle emissioni,soluzioni per riduzione dei consumi,soluzioni per applicazione pratica,soluzioni per chimico,soluzioni per sussidi,soluzioni per opex
test sul campo applicazioni,sviluppo tecnologico applicazioni,riduzione delle emissioni applicazioni,riduzione dei consumi applicazioni,applicazione pratica applicazioni,chimico applicazioni,sussidi applicazioni,opex applicazioni
scala industriale,avanzamento tecnologico,decarbonizzazione,efficienza operativa,integrazione tecnologica,petrolchimico,quadro normativo,finanziamento
scala industriale avanzato,avanzamento tecnologico avanzato,decarbonizzazione avanzato,efficienza operativa avanzato,integrazione tecnologica avanzato,petrolchimico avanzato,quadro normativo avanzato,finanziamento avanzato
scala industriale industriale,avanzamento tecnologico industriale,decarbonizzazione industriale,efficienza operativa industriale,integrazione tecnologica industriale,petrolchimico industriale,quadro normativo industriale,finanziamento industriale
scala industriale sostenibile,avanzamento tecnologico sostenibile,decarbonizzazione sostenibile,efficienza operativa sostenibile,integrazione tecnologica sostenibile,petrolchimico sostenibile,quadro normativo sostenibile,finanziamento sostenibile
soluzioni per scala industriale,soluzioni per avanzamento tecnologico,soluzioni per decarbonizzazione,soluzioni per efficienza operativa,soluzioni per integrazione tecnologica,soluzioni per petrolchimico,soluzioni per quadro normativo,soluzioni per finanziamento
scala industriale applicazioni,avanzamento tecnologico applicazioni,decarbonizzazione applicazioni,efficienza operativa applicazioni,integrazione tecnologica applicazioni,petrolchimico applicazioni,quadro normativo applicazioni,finanziamento applicazioni
scala di laboratorio,progresso tecnologico,economia circolare,gestione efficiente,adozione,trasporti,direttive europee,analisi dei costi
scala di laboratorio avanzato,progresso tecnologico avanzato,economia circolare avanzato,gestione efficiente avanzato,adozione avanzato,trasporti avanzato,direttive europee avanzato,analisi dei costi avanzato
scala di laboratorio industriale,progresso tecnologico industriale,economia circolare industriale,gestione efficiente industriale,adozione industriale,trasporti industriale,direttive europee industriale,analisi dei costi industriale
scala di laboratorio sostenibile,progresso tecnologico sostenibile,economia circolare sostenibile,gestione efficiente sostenibile,adozione sostenibile,trasporti sostenibile,direttive europee sostenibile,analisi dei costi sostenibile
soluzioni per scala di laboratorio,soluzioni per progresso tecnologico,soluzioni per economia circolare,soluzioni per gestione efficiente,soluzioni per adozione,soluzioni per trasporti,soluzioni per direttive europee,soluzioni per analisi dei costi
scala di laboratorio applicazioni,progresso tecnologico applicazioni,economia circolare applicazioni,gestione efficiente applicazioni,adozione applicazioni,trasporti applicazioni,direttive europee applicazioni,analisi dei costi applicazioni
validazione tecnica,innovazione industriale,neutralità climatica,ottimizzazione dei processi,uso industriale,agroalimentare,compliance,ritorno sull’investimento
validazione tecnica avanzato,innovazione industriale avanzato,neutralità climatica avanzato,ottimizzazione dei processi avanzato,uso industriale avanzato,agroalimentare avanzato,compliance avanzato,ritorno sull’investimento avanzato
validazione tecnica industriale,innovazione industriale industriale,neutralità climatica industriale,ottimizzazione dei processi industriale,uso industriale industriale,agroalimentare industriale,compliance industriale,ritorno sull’investimento industriale
validazione tecnica sostenibile,innovazione industriale sostenibile,neutralità climatica sostenibile,ottimizzazione dei processi sostenibile,uso industriale sostenibile,agroalimentare sostenibile,compliance sostenibile,ritorno sull’investimento sostenibile
soluzioni per validazione tecnica,soluzioni per innovazione industriale,soluzioni per neutralità climatica,soluzioni per ottimizzazione dei processi,soluzioni per uso industriale,soluzioni per agroalimentare,soluzioni per compliance,soluzioni per ritorno sull’investimento
validazione tecnica applicazioni,innovazione industriale applicazioni,neutralità climatica applicazioni,ottimizzazione dei processi applicazioni,uso industriale applicazioni,agroalimentare applicazioni,compliance applicazioni,ritorno sull’investimento applicazioni
prova su scala reale,breakthrough tecnologico,impronta di carbonio,miglioramento delle prestazioni,uso commerciale,infrastrutture,permessi,ROI
prova su scala reale avanzato,breakthrough tecnologico avanzato,impronta di carbonio avanzato,miglioramento delle prestazioni avanzato,uso commerciale avanzato,infrastrutture avanzato,permessi avanzato,ROI avanzato
prova su scala reale industriale,breakthrough tecnologico industriale,impronta di carbonio industriale,miglioramento delle prestazioni industriale,uso commerciale industriale,infrastrutture industriale,permessi industriale,ROI industriale
prova su scala reale sostenibile,breakthrough tecnologico sostenibile,impronta di carbonio sostenibile,miglioramento delle prestazioni sostenibile,uso commerciale sostenibile,infrastrutture sostenibile,permessi sostenibile,ROI sostenibile
soluzioni per prova su scala reale,soluzioni per breakthrough tecnologico,soluzioni per impronta di carbonio,soluzioni per miglioramento delle prestazioni,soluzioni per uso commerciale,soluzioni per infrastrutture,soluzioni per permessi,soluzioni per ROI
prova su scala reale applicazioni,breakthrough tecnologico applicazioni,impronta di carbonio applicazioni,miglioramento delle prestazioni applicazioni,uso commerciale applicazioni,infrastrutture applicazioni,permessi applicazioni,ROI applicazioni
